city,country,lat,lon,weight
Mumbai,IN,19.0760,72.8777,0.155
Delhi,IN,28.6139,77.2090,0.150
Bengaluru,IN,12.9716,77.5946,0.123
Hyderabad,IN,17.3850,78.4867,0.087
Chennai,IN,13.0827,80.2707,0.082
Kolkata,IN,22.5726,88.3639,0.077
Pune,IN,18.5204,73.8567,0.067
Ahmedabad,IN,23.0225,72.5714,0.056
Jaipur,IN,26.9124,75.7873,0.041
Surat,IN,21.1702,72.8311,0.036
Lucknow,IN,26.8467,80.9462,0.031
Kanpur,IN,26.4499,80.3319,0.026
Nagpur,IN,21.1458,79.0882,0.026
Indore,IN,22.7196,75.8577,0.025
Bhopal,IN,23.2599,77.4126,0.018
Dubai,AE,25.2048,55.2708,0.200
Singapore,SG,1.3521,103.8198,0.167
London,GB,51.5074,-0.1278,0.133
New York,US,40.7128,-74.0060,0.133
Toronto,CA,43.6532,-79.3832,0.100
Hong Kong,HK,22.3193,114.1694,0.100
Kuala Lumpur,MY,3.1390,101.6869,0.100
Sydney,AU,-33.8688,151.2093,0.067
